,Название процесса,Object_area,Hum_hours,Process_volume,Final_price
0,Лобики ГКЛ,250,820.0,26.0,531556.8
1,Лобики ГКЛ,1000,3280.0,104.0,2126227.2
2,Лобики ГКЛ,1500,4920.0,156.0,3189340.8
3,Лобики ГКЛ,1700,5576.0,176.8,3614586.24
4,Лобики ГКЛ,1674,5490.72,174.1,3559304.33
5,Лобики ГКЛ,1420,4657.6,147.68,3019242.62
6,Лобики ГКЛ,16000,52480.0,1664.0,34019635.2
7,Лобики ГКЛ,23000,75440.0,2392.0,48903225.6
8,Лобики ГКЛ,19000,62320.0,1976.0,40398316.8
9,Лобики ГКЛ,12370,40573.6,1286.48,26301430.46
10,Лобики ГКЛ,9586,31442.08,996.94,20382013.94
11,Лобики ГКЛ,16284,53411.52,1693.54,34623483.72
12,Лобики ГКЛ,18753,61509.84,1950.31,39873138.68
13,Лобики ГКЛ,3712,12175.36,386.05,7892555.37
14,Лобики ГКЛ,13117,43023.76,1364.17,27889722.18
15,Лобики ГКЛ,7839,25711.92,815.26,16667495.02
16,Лобики ГКЛ,4062,13323.36,422.45,8636734.89
17,Лобики ГКЛ,8201,26899.28,852.9,17437189.27
18,Лобики ГКЛ,4431,14533.68,460.82,9421312.72
19,Лобики ГКЛ,9635,31602.8,1002.04,20486199.07
20,Лобики ГКЛ,15278,50111.84,1588.91,32484499.16
21,Лобики ГКЛ,12057,39546.96,1253.93,25635921.35
22,Лобики ГКЛ,4790,15711.2,498.16,10184628.29
23,Лобики ГКЛ,6603,21657.84,686.71,14039478.2
24,Лобики ГКЛ,7148,23445.44,743.39,15198272.03
25,Лобики ГКЛ,5350,17548.0,556.4,11375315.52
26,Лобики ГКЛ,8374,27466.72,870.9,17805026.57
27,Лобики ГКЛ,10975,35998.0,1141.4,23335343.52
28,Лобики ГКЛ,14205,46592.4,1477.32,30203057.38
29,Лобики ГКЛ,15837,51945.36,1647.05,33673060.17
30,Лобики ГКЛ,3719,12198.32,386.78,7907438.96
31,Лобики ГКЛ,13458,44142.24,1399.63,28614765.66
32,Лобики ГКЛ,3126,10253.28,325.1,6646586.23
33,Лобики ГКЛ,11287,37021.36,1173.85,23998726.41
34,Лобики ГКЛ,18396,60338.88,1913.18,39114075.57
35,Лобики ГКЛ,16317,53519.76,1696.97,34693649.22
36,Лобики ГКЛ,5745,18843.6,597.48,12215175.26
37,Лобики ГКЛ,6218,20395.04,646.67,13220880.73
38,Лобики ГКЛ,8906,29211.68,926.22,18936179.44
39,Лобики ГКЛ,12639,41455.92,1314.46,26873385.58
40,Лобики ГКЛ,17642,57865.76,1834.77,37510900.26
41,Лобики ГКЛ,11583,37992.24,1204.63,24628089.66
42,Лобики ГКЛ,4305,14120.4,447.72,9153408.1
43,Лобики ГКЛ,15469,50738.32,1608.78,32890608.56
44,Лобики ГКЛ,14807,48566.96,1539.93,31483046.15
45,Лобики ГКЛ,7387,24229.36,768.25,15706440.33
46,Лобики ГКЛ,14635,48002.8,1522.04,31117335.07
47,Лобики ГКЛ,12822,42056.16,1333.49,27262485.16
48,Лобики ГКЛ,9406,30851.68,978.22,19999293.04
49,Лобики ГКЛ,3535,11594.8,367.64,7516213.15
50,Лобики ГКЛ,17492,57373.76,1819.17,37191966.18
51,Лобики ГКЛ,18917,62047.76,1967.37,40221839.94
52,Лобики ГКЛ,4917,16127.76,511.37,10454659.14
53,Лобики ГКЛ,9041,29654.48,940.26,19223220.12
54,Лобики ГКЛ,18274,59938.72,1900.5,38854675.85
55,Лобики ГКЛ,16095,52791.6,1673.88,34221626.78
56,Лобики ГКЛ,13752,45106.56,1430.21,29239876.45
57,Лобики ГКЛ,10241,33590.48,1065.06,21774692.76
58,Лобики ГКЛ,6532,21424.96,679.33,13888516.07
59,Лобики ГКЛ,5858,19214.24,609.23,12455438.94
60,Лобики ГКЛ,17085,56038.8,1776.84,36326591.71
61,Лобики ГКЛ,5130,16826.4,533.52,10907545.54
62,Лобики ГКЛ,4593,15065.04,477.67,9765761.53
63,Лобики ГКЛ,15347,50338.16,1596.09,32631208.84
64,Лобики ГКЛ,14376,47153.28,1495.1,30566642.23
65,Лобики ГКЛ,7957,26098.96,827.53,16918389.83
66,Лобики ГКЛ,7231,23717.68,752.02,15374748.88
67,Лобики ГКЛ,17908,58738.24,1862.43,38076476.7
68,Лобики ГКЛ,12206,40035.68,1269.42,25952729.2
69,Лобики ГКЛ,16580,54382.4,1724.32,35252846.98
70,Лобики ГКЛ,5112,16767.36,531.65,10869273.45
71,Лобики ГКЛ,6350,20828.0,660.4,13501542.72
72,Лобики ГКЛ,8603,28217.84,894.71,18291932.6
73,Лобики ГКЛ,13391,43922.48,1392.66,28472308.44
74,Лобики ГКЛ,4816,15796.48,500.86,10239910.2
75,Лобики ГКЛ,4414,14477.92,459.06,9385166.86
76,Лобики ГКЛ,11520,37785.6,1198.08,24494137.34
77,Лобики ГКЛ,3983,13064.24,414.23,8468762.94
78,Лобики ГКЛ,13049,42800.72,1357.1,27745138.73
79,Лобики ГКЛ,13910,45624.8,1446.64,29575820.35
80,Лобики ГКЛ,7043,23101.04,732.47,14975018.17
81,Лобики ГКЛ,8890,29159.2,924.56,18902159.81
82,Лобики ГКЛ,16356,53647.68,1701.02,34776572.08
83,Лобики ГКЛ,6718,22035.04,698.67,14283994.33
84,Лобики ГКЛ,8197,26886.16,852.49,17428684.36
85,Лобики ГКЛ,17777,58308.56,1848.81,37797940.93
86,Лобики ГКЛ,11011,36116.08,1145.14,23411887.7
87,Лобики ГКЛ,14693,48193.04,1528.07,31240656.25
88,Лобики ГКЛ,18548,60837.44,1928.99,39437262.11
89,Лобики ГКЛ,15714,51541.92,1634.26,33411534.22
90,Лобики ГКЛ,13400,43952.0,1393.6,28491444.48
91,Лобики ГКЛ,10286,33738.08,1069.74,21870372.98
92,Лобики ГКЛ,12403,40681.84,1289.91,26371595.96
93,Лобики ГКЛ,8178,26823.84,850.51,17388286.04
94,Лобики ГКЛ,14146,46398.88,1471.18,30077609.97
95,Лобики ГКЛ,9717,31871.76,1010.57,20660549.7
96,Лобики ГКЛ,3911,12828.08,406.74,8315674.58
97,Лобики ГКЛ,5863,19230.64,609.75,12466070.07
98,Лобики ГКЛ,15948,52309.44,1658.59,33909071.39
99,Лобики ГКЛ,12757,41842.96,1326.73,27124280.39
100,Лобики ГКЛ,11889,38995.92,1236.46,25278715.18
101,Лобики ГКЛ,9119,29910.32,948.38,19389065.84
102,Лобики ГКЛ,3587,11765.36,373.05,7626776.97
103,Лобики ГКЛ,17431,57173.68,1812.82,37062266.32
104,Лобики ГКЛ,15587,51125.36,1621.05,33141503.37
105,Лобики ГКЛ,13823,45339.44,1437.59,29390838.59
106,Лобики ГКЛ,8864,29073.92,921.86,18846877.9
107,Лобики ГКЛ,17215,56465.2,1790.36,36603001.25
108,Лобики ГКЛ,15092,49501.76,1569.57,32089020.9
109,Лобики ГКЛ,11649,38208.72,1211.5,24768420.65
110,Лобики ГКЛ,10477,34364.56,1089.61,22276482.37
111,Лобики ГКЛ,8842,29001.76,919.57,18800100.9
112,Лобики ГКЛ,6578,21575.84,684.11,13986322.52
113,Лобики ГКЛ,7547,24754.16,784.89,16046636.68
114,Лобики ГКЛ,12308,40370.24,1280.03,26169604.38
115,Лобики ГКЛ,13634,44719.52,1417.94,28988981.64
116,Лобики ГКЛ,16392,53765.76,1704.77,34853116.26
117,Лобики ГКЛ,5314,17429.92,552.66,11298771.34
118,Лобики ГКЛ,7124,23366.72,740.9,15147242.57
119,Лобики ГКЛ,13868,45487.04,1442.27,29486518.81
120,Лобики ГКЛ,12142,39825.76,1262.77,25816650.66
121,Лобики ГКЛ,7896,25898.88,821.18,16788689.97
122,Лобики ГКЛ,6024,19758.72,626.5,12808392.65
123,Лобики ГКЛ,9733,31924.24,1012.23,20694569.34
124,Лобики ГКЛ,11763,38582.64,1223.35,25010810.55
125,Лобики ГКЛ,6463,21198.64,672.15,13741806.39
126,Лобики ГКЛ,8530,27978.4,887.12,18136718.02
127,Лобики ГКЛ,7009,22989.52,728.94,14902726.44
128,Лобики ГКЛ,4149,13608.72,431.5,8821716.65
129,Лобики ГКЛ,9443,30973.04,982.07,20077963.45
130,Лобики ГКЛ,11048,36237.44,1148.99,23490558.11
131,Лобики ГКЛ,13224,43374.72,1375.3,28117228.49
132,Лобики ГКЛ,18953,62165.84,1971.11,40298384.12
133,Лобики ГКЛ,17010,55792.8,1769.04,36167124.67
134,Лобики ГКЛ,5806,19043.68,603.82,12344875.12
135,Лобики ГКЛ,9659,31681.52,1004.54,20537228.52
136,Лобики ГКЛ,3758,12326.24,390.83,7990361.82
137,Лобики ГКЛ,6302,20670.56,655.41,13399483.81
138,Лобики ГКЛ,3521,11548.88,366.18,7486445.97
139,Лобики ГКЛ,16170,53037.6,1681.68,34381093.82
140,Лобики ГКЛ,14320,46969.6,1489.28,30447573.5
141,Лобики ГКЛ,11353,37237.84,1180.71,24139057.4
142,Лобики ГКЛ,10580,34702.4,1100.32,22495483.78
143,Лобики ГКЛ,8266,27112.48,859.66,17575394.04
144,Лобики ГКЛ,7691,25226.48,799.86,16352813.4
145,Лобики ГКЛ,6891,22602.48,716.66,14651831.64
146,Лобики ГКЛ,5016,16452.48,521.66,10665155.64
147,Лобики ГКЛ,6210,20368.8,645.84,13203870.91
148,Лобики ГКЛ,5402,17718.56,561.81,11485879.33
149,Лобики ГКЛ,3989,13083.92,414.86,8481520.3
150,Лобики ГКЛ,3059,10033.52,318.14,6504129.0
151,Лобики ГКЛ,3487,11437.36,362.65,7414154.25
152,Лобики ГКЛ,7214,23661.92,750.26,15338603.02
153,Лобики ГКЛ,8555,28060.4,889.72,18189873.7
154,Лобики ГКЛ,9432,30936.96,980.93,20054574.95
155,Лобики ГКЛ,4903,16081.84,509.91,10424891.96
156,Лобики ГКЛ,7646,25078.88,795.18,16257133.17
157,Лобики ГКЛ,4377,14356.56,455.21,9306496.45
158,Лобики ГКЛ,5901,19355.28,613.7,12546866.71
159,Лобики ГКЛ,3663,12014.64,380.95,7788370.23
160,Лобики ГКЛ,3241,10630.48,337.06,6891102.36
161,Лобики ГКЛ,6564,21529.92,682.66,13956555.34
162,Лобики ГКЛ,13088,42928.64,1361.15,27828061.59
163,Лобики ГКЛ,11719,38438.32,1218.78,24917256.56
164,Лобики ГКЛ,6797,22294.16,706.89,14451966.28
165,Лобики ГКЛ,5178,16983.84,538.51,11009604.44
166,Лобики ГКЛ,9477,31084.56,985.61,20150255.17
167,Лобики ГКЛ,3520,11545.6,366.08,7484319.74
168,Мариофф (основной объем),250,380.0,76.0,246331.2
169,Мариофф (основной объем),1000,1520.0,304.0,985324.8
170,Мариофф (основной объем),1500,2280.0,456.0,1477987.2
171,Мариофф (основной объем),1700,2584.0,516.8,1675052.16
172,Мариофф (основной объем),1674,2544.48,508.9,1649433.72
173,Мариофф (основной объем),1420,2158.4,431.68,1399161.22
174,Мариофф (основной объем),16000,24320.0,4864.0,15765196.8
175,Мариофф (основной объем),23000,34960.0,6992.0,22662470.4
176,Мариофф (основной объем),19000,28880.0,5776.0,18721171.2
177,Мариофф (основной объем),1573,2390.96,478.19,1549915.91
178,Мариофф (основной объем),3856,5861.12,1172.22,3799412.43
179,Мариофф (основной объем),14327,21777.04,4355.41,14116748.41
180,Мариофф (основной объем),16542,25143.84,5028.77,16299242.84
181,Мариофф (основной объем),18350,27892.0,5578.4,18080710.08
182,Мариофф (основной объем),10124,15388.48,3077.7,9975428.28
183,Мариофф (основной объем),7841,11918.32,2383.66,7725931.76
184,Мариофф (основной объем),5674,8624.48,1724.9,5590732.92
185,Мариофф (основной объем),14568,22143.36,4428.67,14354211.69
186,Мариофф (основной объем),8260,12555.2,2511.04,8138782.85
187,Мариофф (основной объем),14109,21445.68,4289.14,13901947.6
188,Мариофф (основной объем),5073,7710.96,1542.19,4998552.71
189,Мариофф (основной объем),13257,20150.64,4030.13,13062450.87
190,Мариофф (основной объем),10420,15838.4,3167.68,10267084.42
191,Мариофф (основной объем),6964,10585.28,2117.06,6861801.91
192,Мариофф (основной объем),7520,11430.4,2286.08,7409642.5
193,Мариофф (основной объем),3396,5161.92,1032.38,3346163.02
194,Мариофф (основной объем),11824,17972.48,3594.5,11650480.44
195,Мариофф (основной объем),10756,16349.12,3269.82,10598153.55
196,Мариофф (основной объем),6407,9738.64,1947.73,6312975.99
197,Мариофф (основной объем),11546,17549.92,3509.98,11376560.14
198,Мариофф (основной объем),9593,14581.36,2916.27,9452220.81
199,Мариофф (основной объем),17419,26476.88,5295.38,17163372.69
200,Мариофф (основной объем),7368,11199.36,2239.87,7259873.13
201,Мариофф (основной объем),7749,11778.48,2355.7,7635281.88
202,Мариофф (основной объем),18321,27847.92,5569.58,18052135.66
203,Мариофф (основной объем),14862,22590.24,4518.05,14643897.18
204,Мариофф (основной объем),9063,13775.76,2755.15,8929998.66
205,Мариофф (основной объем),6120,9302.4,1860.48,6030187.78
206,Мариофф (основной объем),4218,6411.36,1282.27,4156100.01
207,Мариофф (основной объем),8547,12991.44,2598.29,8421571.07
208,Мариофф (основной объем),16935,25741.2,5148.24,16686475.49
209,Мариофф (основной объем),15040,22860.8,4572.16,14819284.99
210,Мариофф (основной объем),10785,16393.2,3278.64,10626727.97
211,Мариофф (основной объем),16023,24354.96,4870.99,15787859.27
212,Мариофф (основной объем),5257,7990.64,1598.13,5179852.47
213,Мариофф (основной объем),3385,5145.2,1029.04,3335324.45
214,Мариофф (основной объем),12370,18802.4,3760.48,12188467.78
215,Мариофф (основной объем),9586,14570.72,2914.14,9445323.53
216,Мариофф (основной объем),16284,24751.68,4950.34,16045029.04
217,Мариофф (основной объем),18753,28504.56,5700.91,18477795.97
218,Мариофф (основной объем),3712,5642.24,1128.45,3657525.66
219,Мариофф (основной объем),13117,19937.84,3987.57,12924505.4
220,Мариофф (основной объем),7839,11915.28,2383.06,7723961.11
221,Мариофф (основной объем),4062,6174.24,1234.85,4002389.34
222,Мариофф (основной объем),8201,12465.52,2493.1,8080648.68
223,Мариофф (основной объем),4431,6735.12,1347.02,4365974.19
224,Мариофф (основной объем),9635,14645.2,2929.04,9493604.45
225,Мариофф (основной объем),15278,23222.56,4644.51,15053792.29
226,Мариофф (основной объем),12057,18326.64,3665.33,11880061.11
227,Мариофф (основной объем),4790,7280.8,1456.16,4719705.79
228,Мариофф (основной объем),6603,10036.56,2007.31,6506099.65
229,Мариофф (основной объем),7148,10864.96,2172.99,7043101.67
230,Мариофф (основной объем),5350,8132.0,1626.4,5271487.68
231,Мариофф (основной объем),8374,12728.48,2545.7,8251109.88
232,Мариофф (основной объем),10975,16682.0,3336.4,10813939.68
233,Мариофф (основной объем),14205,21591.6,4318.32,13996538.78
234,Мариофф (основной объем),15837,24072.24,4814.45,15604588.86
235,Мариофф (основной объем),3719,5652.88,1130.58,3664422.93
236,Мариофф (основной объем),13458,20456.16,4091.23,13260501.16
237,Мариофф (основной объем),3126,4751.52,950.3,3080125.32
238,Мариофф (основной объем),11287,17156.24,3431.25,11121361.02
239,Мариофф (основной объем),18396,27961.92,5592.38,18126035.02
240,Мариофф (основной объем),16317,24801.84,4960.37,16077544.76
241,Мариофф (основной объем),5745,8732.4,1746.48,5660690.98
242,Мариофф (основной объем),6218,9451.36,1890.27,6126749.61
243,Мариофф (основной объем),8906,13537.12,2707.42,8775302.67
244,Мариофф (основной объем),12639,19211.28,3842.26,12453520.15
245,Мариофф (основной объем),17642,26815.84,5363.17,17383100.12
246,Мариофф (основной объем),11583,17606.16,3521.23,11413017.16
247,Мариофф (основной объем),4305,6543.6,1308.72,4241823.26
248,Мариофф (основной объем),15469,23512.88,4702.58,15241989.33
249,Мариофф (основной объем),14807,22506.64,4501.33,14589704.31
250,Мариофф (основной объем),7387,11228.24,2245.65,7278594.3
251,Мариофф (основной объем),14635,22245.2,4449.04,14420228.45
252,Мариофф (основной объем),12822,19489.44,3897.89,12633834.59
253,Мариофф (основной объем),9406,14297.12,2859.42,9267965.07
254,Мариофф (основной объем),3535,5373.2,1074.64,3483123.17
255,Мариофф (основной объем),17492,26587.84,5317.57,17235301.4
256,Мариофф (основной объем),18917,28753.84,5750.77,18639389.24
257,Мариофф (основной объем),4917,7473.84,1494.77,4844842.04
258,Мариофф (основной объем),9041,13742.32,2748.46,8908321.52
259,Мариофф (основной объем),18274,27776.48,5555.3,18005825.4
260,Мариофф (основной объем),16095,24464.4,4892.88,15858802.66
261,Мариофф (основной объем),13752,20903.04,4180.61,13550186.65
262,Мариофф (основной объем),10241,15566.32,3113.26,10090711.28
263,Мариофф (основной объем),6532,9928.64,1985.73,6436141.59
264,Мариофф (основной объем),5858,8904.16,1780.83,5772032.68
265,Мариофф (основной объем),17085,25969.2,5193.84,16834274.21
266,Мариофф (основной объем),5130,7797.6,1559.52,5054716.22
267,Мариофф (основной объем),4593,6981.36,1396.27,4525596.81
268,Мариофф (основной объем),15347,23327.44,4665.49,15121779.71
269,Мариофф (основной объем),14376,21851.52,4370.3,14165029.32
270,Мариофф (основной объем),7957,12094.64,2418.93,7840229.43
271,Мариофф (основной объем),7231,10991.12,2198.22,7124883.63
272,Мариофф (основной объем),17908,27220.16,5444.03,17645196.52
273,Мариофф (основной объем),12206,18553.12,3710.62,12026874.51
274,Мариофф (основной объем),16580,25201.6,5040.32,16336685.18
275,Мариофф (основной объем),5112,7770.24,1554.05,5036980.38
276,Мариофф (основной объем),6350,9652.0,1930.4,6256812.48
277,Мариофф (основной объем),8603,13076.56,2615.31,8476749.25
278,Мариофф (основной объем),13391,20354.32,4070.86,13194484.4
279,Мариофф (основной объем),4816,7320.32,1464.06,4745324.24
280,Мариофф (основной объем),4414,6709.28,1341.86,4349223.67
281,Мариофф (основной объем),11520,17510.4,3502.08,11350941.7
282,Мариофф (основной объем),3983,6054.16,1210.83,3924548.68
283,Мариофф (основной объем),13049,19834.48,3966.9,12857503.32
284,Мариофф (основной объем),13910,21143.2,4228.64,13705867.97
285,Мариофф (основной объем),7043,10705.36,2141.07,6939642.57
286,Мариофф (основной объем),8890,13512.8,2702.56,8759537.47
287,Мариофф (основной объем),16356,24861.12,4972.22,16115972.43
288,Мариофф (основной объем),6718,10211.36,2042.27,6619412.01
289,Мариофф (основной объем),8197,12459.44,2491.89,8076707.39
290,Мариофф (основной объем),17777,27021.04,5404.21,17516118.97
291,Мариофф (основной объем),11011,16736.72,3347.34,10849411.37
292,Мариофф (основной объем),14693,22333.36,4466.67,14477377.29
293,Мариофф (основной объем),18548,28192.96,5638.59,18275804.39
294,Мариофф (основной объем),15714,23885.28,4777.06,15483393.91
295,Мариофф (основной объем),13400,20368.0,4073.6,13203352.32
296,Мариофф (основной объем),10286,15634.72,3126.94,10135050.89
297,Мариофф (основной объем),12403,18852.56,3770.51,12220983.49
298,Мариофф (основной объем),8178,12430.56,2486.11,8057986.21
299,Мариофф (основной объем),14146,21501.92,4300.38,13938404.62
300,Мариофф (основной объем),9717,14769.84,2953.97,9574401.08
301,Мариофф (основной объем),3911,5944.72,1188.94,3853605.29
302,Мариофф (основной объем),5863,8911.76,1782.35,5776959.3
303,Мариофф (основной объем),15948,24240.96,4848.19,15713959.91
304,Мариофф (основной объем),12757,19390.64,3878.13,12569788.47
305,Мариофф (основной объем),11889,18071.28,3614.26,11714526.55
306,Мариофф (основной объем),9119,13860.88,2772.18,8985176.85
307,Мариофф (основной объем),3587,5452.24,1090.45,3534360.06
308,Мариофф (основной объем),17431,26495.12,5299.02,17175196.59
309,Мариофф (основной объем),15587,23692.24,4738.45,15358257.66
310,Мариофф (основной объем),13823,21010.96,4202.19,13620144.71
311,Мариофф (основной объем),8864,13473.28,2694.66,8733919.03
312,Мариофф (основной объем),17215,26166.8,5233.36,16962366.43
313,Мариофф (основной объем),15092,22939.84,4587.97,14870521.88
314,Мариофф (основной объем),11649,17706.48,3541.3,11478048.6
315,Мариофф (основной объем),10477,15925.04,3185.01,10323247.93
316,Мариофф (основной объем),8842,13439.84,2687.97,8712241.88
317,Мариофф (основной объем),6578,9998.56,1999.71,6481466.53
318,Мариофф (основной объем),7547,11471.44,2294.29,7436246.27
319,Мариофф (основной объем),12308,18708.16,3741.63,12127377.64
320,Мариофф (основной объем),13634,20723.68,4144.74,13433918.32
321,Мариофф (основной объем),16392,24915.84,4983.17,16151444.12
322,Мариофф (основной объем),5314,8077.28,1615.46,5236015.99
323,Мариофф (основной объем),7124,10828.48,2165.7,7019453.88
324,Мариофф (основной объем),13868,21079.36,4215.87,13664484.33
325,Мариофф (основной объем),12142,18455.84,3691.17,11963813.72
326,Мариофф (основной объем),7896,12001.92,2400.38,7780124.62
327,Мариофф (основной объем),6024,9156.48,1831.3,5935596.6
328,Мариофф (основной объем),9733,14794.16,2958.83,9590166.28
329,Мариофф (основной объем),11763,17879.76,3575.95,11590375.62
330,Мариофф (основной объем),6463,9823.76,1964.75,6368154.18
331,Мариофф (основной объем),8530,12965.6,2593.12,8404820.54
332,Мариофф (основной объем),7009,10653.68,2130.74,6906141.52
333,Мариофф (основной объем),4149,6306.48,1261.3,4088112.6
334,Мариофф (основной объем),9443,14353.36,2870.67,9304422.09
335,Мариофф (основной объем),11048,16792.96,3358.59,10885868.39
336,Кабель ЭОМ пол,250,230.0,1610.0,149095.2
337,Кабель ЭОМ пол,1000,920.0,6440.0,596380.8
338,Кабель ЭОМ пол,1500,1380.0,9660.0,894571.2
339,Кабель ЭОМ пол,1700,1564.0,10948.0,1013847.36
340,Кабель ЭОМ пол,1674,1540.08,10780.56,998341.46
341,Кабель ЭОМ пол,1420,1306.4,9144.8,846860.74
342,Кабель ЭОМ пол,16000,14720.0,103040.0,9542092.8
343,Кабель ЭОМ пол,23000,21160.0,148120.0,13716758.4
344,Кабель ЭОМ пол,19000,17480.0,122360.0,11331235.2
345,Кабель ЭОМ пол,12370,11380.4,79662.8,7377230.5
346,Кабель ЭОМ пол,9586,8819.12,61733.84,5716906.35
347,Кабель ЭОМ пол,16284,14981.28,104868.96,9711464.95
348,Кабель ЭОМ пол,18753,17252.76,120769.32,11183929.14
349,Кабель ЭОМ пол,3712,3415.04,23905.28,2213765.53
350,Кабель ЭОМ пол,13117,12067.64,84473.48,7822726.95
351,Кабель ЭОМ пол,7839,7211.88,50483.16,4675029.09
352,Кабель ЭОМ пол,4062,3737.04,26159.28,2422498.81
353,Кабель ЭОМ пол,8201,7544.92,52814.44,4890918.94
354,Кабель ЭОМ пол,4431,4076.52,28535.64,2642563.32
355,Кабель ЭОМ пол,9635,8864.2,62049.4,5746129.01
356,Кабель ЭОМ пол,15278,14055.76,98390.32,9111505.86
357,Кабель ЭОМ пол,12057,11092.44,77647.08,7190563.31
358,Кабель ЭОМ пол,4790,4406.8,30847.6,2856664.03
359,Кабель ЭОМ пол,6603,6074.76,42523.32,3937902.42
360,Кабель ЭОМ пол,7148,6576.16,46033.12,4262929.96
361,Кабель ЭОМ пол,5350,4922.0,34454.0,3190637.28
362,Кабель ЭОМ пол,8374,7704.08,53928.56,4994092.82
363,Кабель ЭОМ пол,10975,10097.0,70679.0,6545279.28
364,Кабель ЭОМ пол,14205,13068.6,91480.2,8471589.26
365,Кабель ЭОМ пол,15837,14570.04,101990.28,9444882.73
366,Кабель ЭОМ пол,3719,3421.48,23950.36,2217940.2
367,Кабель ЭОМ пол,13458,12381.36,86669.52,8026092.81
368,Кабель ЭОМ пол,3126,2875.92,20131.44,1864286.38
369,Кабель ЭОМ пол,11287,10384.04,72688.28,6731350.09
370,Кабель ЭОМ пол,18396,16924.32,118470.24,10971021.2
371,Кабель ЭОМ пол,16317,15011.64,105081.48,9731145.51
372,Кабель ЭОМ пол,5745,5285.4,36997.8,3426207.7
373,Кабель ЭОМ пол,6218,5720.56,40043.92,3708295.81
374,Кабель ЭОМ пол,8906,8193.52,57354.64,5311367.4
375,Кабель ЭОМ пол,12639,11627.88,81395.16,7537656.93
376,Кабель ЭОМ пол,17642,16230.64,113614.48,10521350.07
377,Кабель ЭОМ пол,11583,10656.36,74594.52,6907878.81
378,Кабель ЭОМ пол,4305,3960.6,27724.2,2567419.34
379,Кабель ЭОМ пол,15469,14231.48,99620.36,9225414.6
380,Кабель ЭОМ пол,14807,13622.44,95357.08,8830610.51
381,Кабель ЭОМ пол,7387,6796.04,47572.28,4405464.97
382,Кабель ЭОМ пол,14635,13464.2,94249.4,8728033.01
383,Кабель ЭОМ пол,12822,11796.24,82573.68,7646794.62
384,Кабель ЭОМ пол,9406,8653.52,60574.64,5609557.8
385,Кабель ЭОМ пол,3535,3252.2,22765.4,2108206.13
386,Кабель ЭОМ пол,17492,16092.64,112648.48,10431892.95
387,Кабель ЭОМ пол,18917,17403.64,121825.48,11281735.59
388,Кабель ЭОМ пол,4917,4523.64,31665.48,2932404.39
389,Кабель ЭОМ пол,9041,8317.72,58224.04,5391878.81
390,Кабель ЭОМ пол,18274,16812.08,117684.56,10898262.74
391,Кабель ЭОМ пол,16095,14807.4,103651.8,9598748.98
392,Кабель ЭОМ пол,13752,12651.84,88562.88,8201428.76
393,Кабель ЭОМ пол,10241,9421.72,65952.04,6107535.77
394,Кабель ЭОМ пол,6532,6009.44,42066.08,3895559.39
395,Кабель ЭОМ пол,5858,5389.36,37725.52,3493598.73
396,Кабель ЭОМ пол,17085,15718.2,110027.4,10189165.97
397,Кабель ЭОМ пол,5130,4719.6,33037.2,3059433.5
398,Кабель ЭОМ пол,4593,4225.56,29578.92,2739177.01
399,Кабель ЭОМ пол,15347,14119.24,98834.68,9152656.14
400,Кабель ЭОМ пол,14376,13225.92,92581.44,8573570.38
401,Кабель ЭОМ пол,7957,7320.44,51243.08,4745402.03
402,Кабель ЭОМ пол,7231,6652.52,46567.64,4312429.56
403,Кабель ЭОМ пол,17908,16475.36,115327.52,10679987.37
404,Кабель ЭОМ пол,12206,11229.52,78606.64,7279424.04
405,Кабель ЭОМ пол,16580,15253.6,106775.2,9887993.66
406,Кабель ЭОМ пол,5112,4703.04,32921.28,3048698.65
407,Кабель ЭОМ пол,6350,5842.0,40894.0,3787018.08
408,Кабель ЭОМ пол,8603,7914.76,55403.32,5130664.02
409,Кабель ЭОМ пол,13391,12319.72,86238.04,7986135.29
410,Кабель ЭОМ пол,4816,4430.72,31015.04,2872169.93
411,Кабель ЭОМ пол,4414,4060.88,28426.16,2632424.85
412,Кабель ЭОМ пол,11520,10598.4,74188.8,6870306.82
413,Кабель ЭОМ пол,3983,3664.36,25650.52,2375384.73
414,Кабель ЭОМ пол,13049,12005.08,84035.56,7782173.06
415,Кабель ЭОМ пол,13910,12797.2,89580.4,8295656.93
416,Кабель ЭОМ пол,7043,6479.56,45356.92,4200309.97
417,Кабель ЭОМ пол,8890,8178.8,57251.6,5301825.31
418,Кабель ЭОМ пол,16356,15047.52,105332.64,9754404.36
419,Кабель ЭОМ пол,6718,6180.56,43263.92,4006486.21
420,Кабель ЭОМ пол,8197,7541.24,52788.68,4888533.42
421,Кабель ЭОМ пол,17777,16354.84,114483.88,10601861.48
422,Кабель ЭОМ пол,11011,10130.12,70910.84,6566748.99
423,Кабель ЭОМ пол,14693,13517.56,94622.92,8762623.09
424,Кабель ЭОМ пол,18548,17064.16,119449.12,11061671.08
425,Кабель ЭОМ пол,15714,14456.88,101198.16,9371527.89
426,Кабель ЭОМ пол,13400,12328.0,86296.0,7991502.72
427,Кабель ЭОМ пол,10286,9463.12,66241.84,6134372.91
428,Кабель ЭОМ пол,12403,11410.76,79875.32,7396911.06
429,Кабель ЭОМ пол,8178,7523.76,52666.32,4877202.18
430,Кабель ЭОМ пол,14146,13014.32,91100.24,8436402.8
431,Кабель ЭОМ пол,9717,8939.64,62577.48,5795032.23
432,Кабель ЭОМ пол,3911,3598.12,25186.84,2332445.31
433,Кабель ЭОМ пол,5863,5393.96,37757.72,3496580.63
434,Кабель ЭОМ пол,15948,14672.16,102705.12,9511081.0
435,Кабель ЭОМ пол,12757,11736.44,82155.08,7608029.87
436,Кабель ЭОМ пол,11889,10937.88,76565.16,7090371.33
437,Кабель ЭОМ пол,9119,8389.48,58726.36,5438396.52
438,Кабель ЭОМ пол,3587,3300.04,23100.28,2139217.93
439,Кабель ЭОМ пол,17431,16036.52,112255.64,10395513.72
440,Кабель ЭОМ пол,15587,14340.04,100380.28,9295787.53
441,Кабель ЭОМ пол,13823,12717.16,89020.12,8243771.8
442,Кабель ЭОМ пол,8864,8154.88,57084.16,5286319.41
443,Кабель ЭОМ пол,17215,15837.8,110864.6,10266695.47
444,Кабель ЭОМ пол,15092,13884.64,97192.48,9000579.03
445,Кабель ЭОМ пол,11649,10717.08,75019.56,6947239.94
446,Кабель ЭОМ пол,10477,9638.84,67471.88,6248281.64
447,Кабель ЭОМ пол,8842,8134.64,56942.48,5273199.03
448,Кабель ЭОМ пол,6578,6051.76,42362.32,3922992.9
449,Кабель ЭОМ пол,7547,6943.24,48602.68,4500885.9
450,Кабель ЭОМ пол,12308,11323.36,79263.52,7340254.89
451,Кабель ЭОМ пол,13634,12543.28,87802.96,8131055.83
452,Кабель ЭОМ пол,16392,15080.64,105564.48,9775874.07
453,Кабель ЭОМ пол,5314,4888.88,34222.16,3169167.57
454,Кабель ЭОМ пол,7124,6554.08,45878.56,4248616.82
455,Кабель ЭОМ пол,13868,12758.56,89309.92,8270608.93
456,Кабель ЭОМ пол,12142,11170.64,78194.48,7241255.67
457,Кабель ЭОМ пол,7896,7264.32,50850.24,4709022.8
458,Кабель ЭОМ пол,6024,5542.08,38794.56,3592597.94
459,Кабель ЭОМ пол,9733,8954.36,62680.52,5804574.33
460,Кабель ЭОМ пол,11763,10821.96,75753.72,7015227.35
461,Кабель ЭОМ пол,6463,5945.96,41621.72,3854409.11
462,Кабель ЭОМ пол,8530,7847.6,54933.2,5087128.22
463,Кабель ЭОМ пол,7009,6448.28,45137.96,4180033.03
464,Кабель ЭОМ пол,4149,3817.08,26719.56,2474383.94
465,Кабель ЭОМ пол,9443,8687.56,60812.92,5631623.89
466,Кабель ЭОМ пол,11048,10164.16,71149.12,6588815.08
467,Кабель ЭОМ пол,13224,12166.08,85162.56,7886539.7
468,Кабель ЭОМ пол,18953,17436.76,122057.32,11303205.3
469,Кабель ЭОМ пол,17010,15649.2,109544.4,10144437.41
470,Кабель ЭОМ пол,5806,5341.52,37390.64,3462586.92
471,Кабель ЭОМ пол,9659,8886.28,62203.96,5760442.15
472,Кабель ЭОМ пол,3758,3457.36,24201.52,2241199.05
473,Кабель ЭОМ пол,6302,5797.84,40584.88,3758391.8
474,Кабель ЭОМ пол,3521,3239.32,22675.24,2099856.8
475,Кабель ЭОМ пол,16170,14876.4,104134.8,9643477.54
476,Кабель ЭОМ пол,14320,13174.4,92220.8,8540173.06
477,Кабель ЭОМ пол,11353,10444.76,73113.32,6770711.22
478,Кабель ЭОМ пол,10580,9733.6,68135.2,6309708.86
479,Кабель ЭОМ пол,8266,7604.72,53233.04,4929683.69
480,Кабель ЭОМ пол,7691,7075.72,49530.04,4586764.73
481,Кабель ЭОМ пол,6891,6339.72,44378.04,4109660.09
482,Кабель ЭОМ пол,5016,4614.72,32303.04,2991446.09
483,Кабель ЭОМ пол,6210,5713.2,39992.4,3703524.77
484,Кабель ЭОМ пол,5402,4969.84,34788.88,3221649.08
485,Кабель ЭОМ пол,3989,3669.88,25689.16,2378963.01
486,Кабель ЭОМ пол,3059,2814.28,19699.96,1824328.87
487,Кабель ЭОМ пол,3487,3208.04,22456.28,2079579.85
488,Кабель ЭОМ пол,7214,6636.88,46458.16,4302291.09
489,Кабель ЭОМ пол,8555,7870.6,55094.2,5102037.74
490,Кабель ЭОМ пол,9432,8677.44,60742.08,5625063.71
491,Кабель ЭОМ пол,4903,4510.76,31575.32,2924055.06
492,Кабель ЭОМ пол,7646,7034.32,49240.24,4559927.6
493,Кабель ЭОМ пол,4377,4026.84,28187.88,2610358.76
494,Кабель ЭОМ пол,5901,5428.92,38002.44,3519243.1
495,Кабель ЭОМ пол,3663,3369.96,23589.72,2184542.87
496,Кабель ЭОМ пол,3241,2981.72,20872.04,1932870.17
497,Кабель ЭОМ пол,6564,6038.88,42272.16,3914643.57
498,Кабель ЭОМ пол,13088,12040.96,84286.72,7805431.91
499,Кабель ЭОМ пол,11719,10781.48,75470.36,6988986.6
500,Кабель ЭОМ пол,6797,6253.24,43772.68,4053600.3
501,Кабель ЭОМ пол,5178,4763.76,33346.32,3088059.78
502,Кабель ЭОМ пол,9477,8718.84,61031.88,5651900.84
503,Кабель ЭОМ пол,3520,3238.4,22668.8,2099260.42
504,Фальшпол (+обеспыливание),250,340.0,201.0,220401.6
505,Фальшпол (+обеспыливание),1000,1360.0,804.0,881606.4
506,Фальшпол (+обеспыливание),1500,2040.0,1206.0,1322409.6
507,Фальшпол (+обеспыливание),1700,2312.0,1366.8,1498730.88
508,Фальшпол (+обеспыливание),1674,2276.64,1345.9,1475809.11
509,Фальшпол (+обеспыливание),1420,1931.2,1141.68,1251881.09
510,Фальшпол (+обеспыливание),16000,21760.0,12864.0,14105702.4
511,Фальшпол (+обеспыливание),23000,31280.0,18492.0,20276947.2
512,Фальшпол (+обеспыливание),19000,25840.0,15276.0,16750521.6
513,Фальшпол (+обеспыливание),1573,2139.28,1264.69,1386766.87
514,Фальшпол (+обеспыливание),3856,5244.16,3100.22,3399474.28
515,Фальшпол (+обеспыливание),14327,19484.72,11518.91,12630774.89
516,Фальшпол (+обеспыливание),16542,22497.12,13299.77,14583533.07
517,Фальшпол (+обеспыливание),18350,24956.0,14753.4,16177477.44
518,Фальшпол (+обеспыливание),10124,13768.64,8139.7,8925383.19
519,Фальшпол (+обеспыливание),7841,10663.76,6304.16,6912675.78
520,Фальшпол (+обеспыливание),5674,7716.64,4561.9,5002234.71
521,Фальшпол (+обеспыливание),14568,19812.48,11712.67,12843242.04
522,Фальшпол (+обеспыливание),8260,11233.6,6641.04,7282068.86
523,Фальшпол (+обеспыливание),14109,19188.24,11343.64,12438584.7
524,Фальшпол (+обеспыливание),5073,6899.28,4078.69,4472389.27
525,Фальшпол (+обеспыливание),13257,18029.52,10658.63,11687456.04
526,Фальшпол (+обеспыливание),10420,14171.2,8377.68,9186338.69
527,Фальшпол (+обеспыливание),6964,9471.04,5599.06,6139506.97
528,Фальшпол (+обеспыливание),7520,10227.2,6046.08,6629680.13
529,Фальшпол (+обеспыливание),3396,4618.56,2730.38,2993935.33
530,Фальшпол (+обеспыливание),11824,16080.64,9506.5,10424114.07
531,Фальшпол (+обеспыливание),10756,14628.16,8647.82,9482558.44
532,Фальшпол (+обеспыливание),6407,8713.52,5151.23,5648452.2
533,Фальшпол (+обеспыливание),11546,15702.56,9282.98,10179027.49
534,Фальшпол (+обеспыливание),9593,13046.48,7712.77,8457250.2
535,Фальшпол (+обеспыливание),17419,23689.84,14004.88,15356701.88
536,Фальшпол (+обеспыливание),7368,10020.48,5923.87,6495675.96
537,Фальшпол (+обеспыливание),7749,10538.64,6230.2,6831567.99
538,Фальшпол (+обеспыливание),18321,24916.56,14730.08,16151910.85
539,Фальшпол (+обеспыливание),14862,20212.32,11949.05,13102434.32
540,Фальшпол (+обеспыливание),9063,12325.68,7286.65,7989998.8
541,Фальшпол (+обеспыливание),6120,8323.2,4920.48,5395431.17
542,Фальшпол (+обеспыливание),4218,5736.48,3391.27,3718615.8
543,Фальшпол (+обеспыливание),8547,11623.92,6871.79,7535089.9
544,Фальшпол (+обеспыливание),16935,23031.6,13615.74,14930004.38
545,Фальшпол (+обеспыливание),15040,20454.4,12092.16,13259360.26
546,Фальшпол (+обеспыливание),10785,14667.6,8671.14,9508125.02
547,Фальшпол (+обеспыливание),16023,21791.28,12882.49,14125979.35
548,Фальшпол (+обеспыливание),5257,7149.52,4226.63,4634604.84
549,Фальшпол (+обеспыливание),3385,4603.6,2721.54,2984237.66
550,Фальшпол (+обеспыливание),12370,16823.2,9945.48,10905471.17
551,Фальшпол (+обеспыливание),9586,13036.96,7707.14,8451078.95
552,Фальшпол (+обеспыливание),16284,22146.24,13092.34,14356078.62
553,Фальшпол (+обеспыливание),18753,25504.08,15077.41,16532764.82
554,Фальшпол (+обеспыливание),3712,5048.32,2984.45,3272522.96
555,Фальшпол (+обеспыливание),13117,17839.12,10546.07,11564031.15
556,Фальшпол (+обеспыливание),7839,10661.04,6302.56,6910912.57
557,Фальшпол (+обеспыливание),4062,5524.32,3265.85,3581085.2
558,Фальшпол (+обеспыливание),8201,11153.36,6593.6,7230054.09
559,Фальшпол (+обеспыливание),4431,6026.16,3562.52,3906397.96
560,Фальшпол (+обеспыливание),9635,13103.6,7746.54,8494277.66
561,Фальшпол (+обеспыливание),15278,20778.08,12283.51,13469182.58
562,Фальшпол (+обеспыливание),12057,16397.52,9693.83,10629528.36
563,Фальшпол (+обеспыливание),4790,6514.4,3851.16,4222894.66
564,Фальшпол (+обеспыливание),6603,8980.08,5308.81,5821247.06
565,Фальшпол (+обеспыливание),7148,9721.28,5746.99,6301722.55
566,Фальшпол (+обеспыливание),5350,7276.0,4301.4,4716594.24
567,Фальшпол (+обеспыливание),8374,11388.64,6732.7,7382571.99
568,Фальшпол (+обеспыливание),10975,14926.0,8823.9,9675630.24
569,Фальшпол (+обеспыливание),14205,19318.8,11420.82,12523218.91
570,Фальшпол (+обеспыливание),15837,21538.32,12732.95,13962000.56
571,Фальшпол (+обеспыливание),3719,5057.84,2990.08,3278694.2
572,Фальшпол (+обеспыливание),13458,18302.88,10820.23,11864658.93
573,Фальшпол (+обеспыливание),3126,4251.36,2513.3,2755901.61
574,Фальшпол (+обеспыливание),11287,15350.32,9074.75,9950691.44
575,Фальшпол (+обеспыливание),18396,25018.56,14790.38,16218031.33
576,Фальшпол (+обеспыливание),16317,22191.12,13118.87,14385171.63
577,Фальшпол (+обеспыливание),5745,7813.2,4618.98,5064828.77
578,Фальшпол (+обеспыливание),6218,8456.48,4999.27,5481828.6
579,Фальшпол (+обеспыливание),8906,12112.16,7160.42,7851586.6
580,Фальшпол (+обеспыливание),12639,17189.04,10161.76,11142623.29
581,Фальшпол (+обеспыливание),17642,23993.12,14184.17,15553300.11
582,Фальшпол (+обеспыливание),11583,15752.88,9312.73,10211646.93
583,Фальшпол (+обеспыливание),4305,5854.8,3461.22,3795315.55
584,Фальшпол (+обеспыливание),15469,21037.84,12437.08,13637569.4
585,Фальшпол (+обеспыливание),14807,20137.52,11904.83,13053945.96
586,Фальшпол (+обеспыливание),7387,10046.32,5939.15,6512426.48
587,Фальшпол (+обеспыливание),14635,19903.6,11766.54,12902309.66
588,Фальшпол (+обеспыливание),12822,17437.92,10308.89,11303957.26
589,Фальшпол (+обеспыливание),9406,12792.16,7562.42,8292389.8
590,Фальшпол (+обеспыливание),3535,4807.6,2842.14,3116478.62
591,Фальшпол (+обеспыливание),17492,23789.12,14063.57,15421059.15
592,Фальшпол (+обеспыливание),18917,25727.12,15209.27,16677348.27
593,Фальшпол (+обеспыливание),4917,6687.12,3953.27,4334858.67
594,Фальшпол (+обеспыливание),9041,12295.76,7268.96,7970603.46
595,Фальшпол (+обеспыливание),18274,24852.64,14692.3,16110475.35
596,Фальшпол (+обеспыливание),16095,21889.2,12940.38,14189455.01
597,Фальшпол (+обеспыливание),13752,18702.72,11056.61,12123851.21
598,Фальшпол (+обеспыливание),10241,13927.76,8233.76,9028531.14
599,Фальшпол (+обеспыливание),6532,8883.52,5251.73,5758653.0
600,Фальшпол (+обеспыливание),5858,7966.88,4709.83,5164450.29
601,Фальшпол (+обеспыливание),17085,23235.6,13736.34,15062245.34
602,Фальшпол (+обеспыливание),5130,6976.8,4124.52,4522640.83
603,Фальшпол (+обеспыливание),4593,6246.48,3692.77,4049218.2
604,Фальшпол (+обеспыливание),15347,20871.92,12338.99,13530013.42
605,Фальшпол (+обеспыливание),14376,19551.36,11558.3,12673973.61
606,Фальшпол (+обеспыливание),7957,10821.52,6397.43,7014942.12
607,Фальшпол (+обеспыливание),7231,9834.16,5813.72,6374895.88
608,Фальшпол (+обеспыливание),17908,24354.88,14398.03,15787807.41
609,Фальшпол (+обеспыливание),12206,16600.16,9813.62,10760887.72
610,Фальшпол (+обеспыливание),16580,22548.8,13330.32,14617034.11
611,Фальшпол (+обеспыливание),5112,6952.32,4110.05,4506771.92
612,Фальшпол (+обеспыливание),6350,8636.0,5105.4,5598200.64
613,Фальшпол (+обеспыливание),8603,11700.08,6916.81,7584459.86
614,Фальшпол (+обеспыливание),13391,18211.76,10766.36,11805591.3
615,Фальшпол (+обеспыливание),4816,6549.76,3872.06,4245816.42
616,Фальшпол (+обеспыливание),4414,6003.04,3548.86,3891410.65
617,Фальшпол (+обеспыливание),11520,15667.2,9262.08,10156105.73
618,Фальшпол (+обеспыливание),3983,5416.88,3202.33,3511438.29
619,Фальшпол (+обеспыливание),13049,17746.64,10491.4,11504081.91
620,Фальшпол (+обеспыливание),13910,18917.6,11183.64,12263145.02
621,Фальшпол (+обеспыливание),7043,9578.48,5662.57,6209153.88
622,Фальшпол (+обеспыливание),8890,12090.4,7147.56,7837480.9
623,Фальшпол (+обеспыливание),16356,22244.16,13150.22,14419554.28
624,Фальшпол (+обеспыливание),6718,9136.48,5401.27,5922631.8
625,Фальшпол (+обеспыливание),8197,11147.92,6590.39,7226527.66
626,Фальшпол (+обеспыливание),17777,24176.72,14292.71,15672316.97
627,Фальшпол (+обеспыливание),11011,14974.96,8852.84,9707368.07
628,Фальшпол (+обеспыливание),14693,19982.48,11813.17,12953442.84
629,Фальшпол (+обеспыливание),18548,25225.28,14912.59,16352035.51
630,Фальшпол (+обеспыливание),15714,21371.04,12634.06,13853562.97
631,Фальшпол (+обеспыливание),13400,18224.0,10773.6,11813525.76
632,Фальшпол (+обеспыливание),10286,13988.96,8269.94,9068203.43
633,Фальшпол (+обеспыливание),12403,16868.08,9972.01,10934564.18
634,Фальшпол (+обеспыливание),8178,11122.08,6575.11,7209777.14
635,Фальшпол (+обеспыливание),14146,19238.56,11373.38,12471204.13
636,Фальшпол (+обеспыливание),9717,13215.12,7812.47,8566569.39
637,Фальшпол (+обеспыливание),3911,5318.96,3144.44,3447962.63
638,Фальшпол (+обеспыливание),5863,7973.68,4713.85,5168858.32
639,Фальшпол (+обеспыливание),15948,21689.28,12822.19,14059858.87
640,Фальшпол (+обеспыливание),12757,17349.52,10256.63,11246652.84
641,Фальшпол (+обеспыливание),11889,16169.04,9558.76,10481418.49
642,Фальшпол (+обеспыливание),9119,12401.84,7331.68,8039368.76
643,Фальшпол (+обеспыливание),3587,4878.32,2883.95,3162322.16
644,Фальшпол (+обеспыливание),17431,23706.16,14014.52,15367281.16
645,Фальшпол (+обеспыливание),15587,21198.32,12531.95,13741598.96
646,Фальшпол (+обеспыливание),13823,18799.28,11113.69,12186445.27
647,Фальшпол (+обеспыливание),8864,12055.04,7126.66,7814559.13
648,Фальшпол (+обеспыливание),17215,23412.4,13840.86,15176854.18
649,Фальшпол (+обеспыливание),15092,20525.12,12133.97,13305203.79
650,Фальшпол (+обеспыливание),11649,15842.64,9365.8,10269832.95
651,Фальшпол (+обеспыливание),10477,14248.72,8423.51,9236590.25
652,Фальшпол (+обеспыливание),8842,12025.12,7108.97,7795163.79
653,Фальшпол (+обеспыливание),6578,8946.08,5288.71,5799206.9
654,Фальшпол (+обеспыливание),7547,10263.92,6067.79,6653483.5
655,Фальшпол (+обеспыливание),12308,16738.88,9895.63,10850811.57
656,Фальшпол (+обеспыливание),13634,18542.24,10961.74,12019821.66
657,Фальшпол (+обеспыливание),16392,22293.12,13179.17,14451292.11
658,Фальшпол (+обеспыливание),5314,7227.04,4272.46,4684856.41
659,Фальшпол (+обеспыливание),7124,9688.64,5727.7,6280563.99
660,Фальшпол (+обеспыливание),13868,18860.48,11149.87,12226117.56
661,Фальшпол (+обеспыливание),12142,16513.12,9762.17,10704464.91
662,Фальшпол (+обеспыливание),7896,10738.56,6348.38,6961164.13
663,Фальшпол (+обеспыливание),6024,8192.64,4843.3,5310796.95
664,Фальшпол (+обеспыливание),9733,13236.88,7825.33,8580675.09
665,Фальшпол (+обеспыливание),11763,15997.68,9457.45,10370336.08
666,Фальшпол (+обеспыливание),6463,8789.68,5196.25,5697822.16
667,Фальшпол (+обеспыливание),8530,11600.8,6858.12,7520102.59
668,Фальшпол (+обеспыливание),7009,9532.24,5635.24,6179179.26
669,Фальшпол (+обеспыливание),4149,5642.64,3335.8,3657784.95
670,Фальшпол (+обеспыливание),9443,12842.48,7592.17,8325009.24
671,Фальшпол (+обеспыливание),11048,15025.28,8882.59,9739987.51
672,Фальшпол (+обеспыливание),8266,11241.76,6645.86,7287358.5
673,монтаж кабеля ЭОМ на потолке,250,550.0,800.0,337260.0
674,монтаж кабеля ЭОМ на потолке,1000,2200.0,3200.0,1349040.0
675,монтаж кабеля ЭОМ на потолке,1500,3300.0,4800.0,2023560.0
676,монтаж кабеля ЭОМ на потолке,1700,3740.0,5440.0,2293368.0
677,монтаж кабеля ЭОМ на потолке,1674,3682.8,5356.8,2258292.96
678,монтаж кабеля ЭОМ на потолке,1420,3124.0,4544.0,1915636.8
679,монтаж кабеля ЭОМ на потолке,16000,35200.0,51200.0,21584640.0
680,монтаж кабеля ЭОМ на потолке,23000,50600.0,73600.0,31027920.0
681,монтаж кабеля ЭОМ на потолке,19000,41800.0,60800.0,25631760.0
682,монтаж кабеля ЭОМ на потолке,31241,68730.2,99971.2,42145358.64
683,монтаж кабеля ЭОМ на потолке,22091,48600.2,70691.2,29801642.64
684,монтаж кабеля ЭОМ на потолке,29287,64431.4,93718.4,39509334.48
685,монтаж кабеля ЭОМ на потолке,18362,40396.4,58758.4,24771072.48
686,монтаж кабеля ЭОМ на потолке,32540,71588.0,104128.0,43897761.6
687,монтаж кабеля ЭОМ на потолке,22617,49757.4,72374.4,30511237.68
688,монтаж кабеля ЭОМ на потолке,17772,39098.4,56870.4,23975138.88
689,монтаж кабеля ЭОМ на потолке,13450,29590.0,43040.0,18144588.0
690,монтаж кабеля ЭОМ на потолке,30451,66992.2,97443.2,41079617.04
691,монтаж кабеля ЭОМ на потолке,19952,43894.4,63846.4,26916046.08
692,монтаж кабеля ЭОМ на потолке,15876,34927.2,50803.2,21417359.04
693,монтаж кабеля ЭОМ на потолке,35792,78742.4,114534.4,48284839.68
694,монтаж кабеля ЭОМ на потолке,27664,60860.8,88524.8,37319842.56
695,монтаж кабеля ЭОМ на потолке,25901,56982.2,82883.2,34941485.04
696,монтаж кабеля ЭОМ на потолке,36500,80300.0,116800.0,49239960.0
697,монтаж кабеля ЭОМ на потолке,20247,44543.4,64790.4,27314012.88
698,монтаж кабеля ЭОМ на потолке,32279,71013.8,103292.8,43545662.16
699,монтаж кабеля ЭОМ на потолке,31413,69108.6,100521.6,42377393.52
700,монтаж кабеля ЭОМ на потолке,34135,75097.0,109232.0,46049480.4
701,монтаж кабеля ЭОМ на потолке,29741,65430.2,95171.2,40121798.64
702,монтаж кабеля ЭОМ на потолке,16628,36581.6,53209.6,22431837.12
703,монтаж кабеля ЭОМ на потолке,36561,80434.2,116995.2,49322251.44
704,монтаж кабеля ЭОМ на потолке,20837,45841.4,66678.4,28109946.48
705,монтаж кабеля ЭОМ на потолке,11478,25251.6,36729.6,15484281.12
706,монтаж кабеля ЭОМ на потолке,25412,55906.4,81318.4,34281804.48
707,монтаж кабеля ЭОМ на потолке,17846,39261.2,57107.2,24074967.84
708,монтаж кабеля ЭОМ на потолке,11263,24778.6,36041.6,15194237.52
709,монтаж кабеля ЭОМ на потолке,11154,24538.8,35692.8,15047192.16
710,монтаж кабеля ЭОМ на потолке,36949,81287.8,118236.8,49845678.96
711,монтаж кабеля ЭОМ на потолке,14639,32205.8,46844.8,19748596.56
712,монтаж кабеля ЭОМ на потолке,16259,35769.8,52028.8,21934041.36
713,монтаж кабеля ЭОМ на потолке,35208,77457.6,112665.6,47497000.32
714,монтаж кабеля ЭОМ на потолке,18903,41586.6,60489.6,25500903.12
715,монтаж кабеля ЭОМ на потолке,13783,30322.6,44105.6,18593818.32
716,монтаж кабеля ЭОМ на потолке,24107,53035.4,77142.4,32521307.28
717,монтаж кабеля ЭОМ на потолке,30612,67346.4,97958.4,41296812.48
718,монтаж кабеля ЭОМ на потолке,22375,49225.0,71600.0,30184770.0
719,монтаж кабеля ЭОМ на потолке,16873,37120.6,53993.6,22762351.92
720,монтаж кабеля ЭОМ на потолке,23342,51352.4,74694.4,31489291.68
721,монтаж кабеля ЭОМ на потолке,27521,60546.2,88067.2,37126929.84
722,монтаж кабеля ЭОМ на потолке,19818,43599.6,63417.6,26735274.72
723,монтаж кабеля ЭОМ на потолке,10234,22514.8,32748.8,13806075.36
724,монтаж кабеля ЭОМ на потолке,26703,58746.6,85449.6,36023415.12
725,монтаж кабеля ЭОМ на потолке,35879,78933.8,114812.8,48402206.16
726,монтаж кабеля ЭОМ на потолке,13567,29847.4,43414.4,18302425.68
727,монтаж кабеля ЭОМ на потолке,28859,63489.8,92348.8,38931945.36
728,монтаж кабеля ЭОМ на потолке,26597,58513.4,85110.4,35880416.88
729,монтаж кабеля ЭОМ на потолке,30922,68028.4,98950.4,41715014.88
730,монтаж кабеля ЭОМ на потолке,12425,27335.0,39760.0,16761822.0
731,монтаж кабеля ЭОМ на потолке,17010,37422.0,54432.0,22947170.4
732,монтаж кабеля ЭОМ на потолке,24649,54227.8,78876.8,33252486.96
733,монтаж кабеля ЭОМ на потолке,20381,44838.2,65219.2,27494784.24
734,монтаж кабеля ЭОМ на потолке,22461,49414.2,71875.2,30300787.44
735,монтаж кабеля ЭОМ на потолке,17659,38849.8,56508.8,23822697.36
736,монтаж кабеля ЭОМ на потолке,23487,51671.4,75158.4,31684902.48
737,монтаж кабеля ЭОМ на потолке,28509,62719.8,91228.8,38459781.36
738,монтаж кабеля ЭОМ на потолке,20924,46032.8,66956.8,28227312.96
739,монтаж кабеля ЭОМ на потолке,15020,33044.0,48064.0,20262580.8
740,монтаж кабеля ЭОМ на потолке,24498,53895.6,78393.6,33048781.92
741,монтаж кабеля ЭОМ на потолке,22795,50149.0,72944.0,30751366.8
742,монтаж кабеля ЭОМ на потолке,15265,33583.0,48848.0,20593095.6
743,монтаж кабеля ЭОМ на потолке,13186,29009.2,42195.2,17788441.44
744,монтаж кабеля ЭОМ на потолке,26296,57851.2,84147.2,35474355.84
745,монтаж кабеля ЭОМ на потолке,32702,71944.4,104646.4,44116306.08
746,монтаж кабеля ЭОМ на потолке,31550,69410.0,100960.0,42562212.0
747,монтаж кабеля ЭОМ на потолке,17246,37941.2,55187.2,23265543.84
748,монтаж кабеля ЭОМ на потолке,12169,26771.8,38940.8,16416467.76
749,монтаж кабеля ЭОМ на потолке,25735,56617.0,82352.0,34717544.4
750,монтаж кабеля ЭОМ на потолке,28292,62242.4,90534.4,38167039.68
751,монтаж кабеля ЭОМ на потолке,20076,44167.2,64243.2,27083327.04
752,монтаж кабеля ЭОМ на потолке,12657,27845.4,40502.4,17074799.28
753,монтаж кабеля ЭОМ на потолке,36645,80619.0,117264.0,49435570.8
754,монтаж кабеля ЭОМ на потолке,10597,23313.4,33910.4,14295776.88
755,монтаж кабеля ЭОМ на потолке,23761,52274.2,76035.2,32054539.44
756,монтаж кабеля ЭОМ на потолке,21314,46890.8,68204.8,28753438.56
757,монтаж кабеля ЭОМ на потолке,26459,58209.8,84668.8,35694249.36
758,монтаж кабеля ЭОМ на потолке,32396,71271.2,103667.2,43703499.84
759,монтаж кабеля ЭОМ на потолке,27883,61342.6,89225.6,37615282.32
760,монтаж кабеля ЭОМ на потолке,36386,80049.2,116435.2,49086169.44
761,монтаж кабеля ЭОМ на потолке,35453,77996.6,113449.6,47827515.12
762,монтаж кабеля ЭОМ на потолке,30016,66035.2,96051.2,40492784.64
763,монтаж кабеля ЭОМ на потолке,15540,34188.0,49728.0,20964081.6
764,монтаж кабеля ЭОМ на потолке,31098,68415.6,99513.6,41952445.92
765,монтаж кабеля ЭОМ на потолке,33645,74019.0,107664.0,45388450.8
766,монтаж кабеля ЭОМ на потолке,31769,69891.8,101660.8,42857651.76
767,монтаж кабеля ЭОМ на потолке,29861,65694.2,95555.2,40283683.44
768,монтаж кабеля ЭОМ на потолке,34724,76392.8,111116.8,46844064.96
769,монтаж кабеля ЭОМ на потолке,23308,51277.6,74585.6,31443424.32
770,монтаж кабеля ЭОМ на потолке,36473,80240.6,116713.6,49203535.92
771,монтаж кабеля ЭОМ на потолке,34971,76936.2,111907.2,47177277.84
772,монтаж кабеля ЭОМ на потолке,29374,64622.8,93996.8,39626700.96
773,монтаж кабеля ЭОМ на потолке,28994,63786.8,92780.8,39114065.76
774,монтаж кабеля ЭОМ на потолке,14453,31796.6,46249.6,19497675.12
775,монтаж кабеля ЭОМ на потолке,11694,25726.8,37420.8,15775673.76
776,монтаж кабеля ЭОМ на потолке,27343,60154.6,87497.6,36886800.72
777,монтаж кабеля ЭОМ на потолке,10895,23969.0,34864.0,14697790.8
778,монтаж кабеля ЭОМ на потолке,11028,24261.6,35289.6,14877213.12
779,монтаж кабеля ЭОМ на потолке,12302,27064.4,39366.4,16595890.08
780,монтаж кабеля ЭОМ на потолке,21548,47405.6,68953.6,29069113.92
781,монтаж кабеля ЭОМ на потолке,25318,55699.6,81017.6,34154994.72
782,монтаж кабеля ЭОМ на потолке,26178,57591.6,83769.6,35315169.12
783,монтаж кабеля ЭОМ на потолке,15132,33290.4,48422.4,20413673.28
784,монтаж кабеля ЭОМ на потолке,20465,45023.0,65488.0,27608103.6
785,монтаж кабеля ЭОМ на потолке,14074,30962.8,45036.8,18986388.96
786,монтаж кабеля ЭОМ на потолке,20676,45487.2,66163.2,27892751.04
787,монтаж кабеля ЭОМ на потолке,22872,50318.4,73190.4,30855242.88
788,монтаж кабеля ЭОМ на потолке,23635,51997.0,75632.0,31884560.4
789,монтаж кабеля ЭОМ на потолке,19206,42253.2,61459.2,25909662.24
790,монтаж кабеля ЭОМ на потолке,34859,76689.8,111548.8,47026185.36
791,монтаж кабеля ЭОМ на потолке,19058,41927.6,60985.6,25710004.32
792,монтаж кабеля ЭОМ на потолке,27748,61045.6,88793.6,37433161.92
793,монтаж кабеля ЭОМ на потолке,25061,55134.2,80195.2,33808291.44
794,монтаж кабеля ЭОМ на потолке,18538,40783.6,59321.6,25008503.52
795,монтаж кабеля ЭОМ на потолке,27959,61509.8,89468.8,37717809.36
796,монтаж кабеля ЭОМ на потолке,33513,73728.6,107241.6,45210377.52
797,монтаж кабеля ЭОМ на потолке,21013,46228.6,67241.6,28347377.52
798,монтаж кабеля ЭОМ на потолке,36823,81010.6,117833.6,49675699.92
799,монтаж кабеля ЭОМ на потолке,34390,75658.0,110048.0,46393485.6
800,монтаж кабеля ЭОМ на потолке,29798,65555.6,95353.6,40198693.92
801,монтаж кабеля ЭОМ на потолке,21503,47306.6,68809.6,29008407.12
802,монтаж кабеля ЭОМ на потолке,10156,22343.2,32499.2,13700850.24
803,монтаж кабеля ЭОМ на потолке,24022,52848.4,76870.4,32406638.88
804,монтаж кабеля ЭОМ на потолке,18708,41157.6,59865.6,25237840.32
805,монтаж кабеля ЭОМ на потолке,33066,72745.2,105811.2,44607356.64
806,монтаж кабеля ЭОМ на потолке,32188,70813.6,103001.6,43422899.52
807,монтаж кабеля ЭОМ на потолке,22248,48945.6,71193.6,30013441.92
808,монтаж кабеля ЭОМ на потолке,27592,60702.4,88294.4,37222711.68
809,монтаж кабеля ЭОМ на потолке,31170,68574.0,99744.0,42049576.8
810,монтаж кабеля ЭОМ на потолке,32902,72384.4,105286.4,44386114.08
811,монтаж кабеля ЭОМ на потолке,13408,29497.6,42905.6,18087928.32
812,монтаж кабеля ЭОМ на потолке,26993,59384.6,86377.6,36414636.72
813,монтаж кабеля ЭОМ на потолке,27206,59853.2,87059.2,36701982.24
814,монтаж кабеля ЭОМ на потолке,12049,26507.8,38556.8,16254582.96
815,монтаж кабеля ЭОМ на потолке,19299,42457.8,61756.8,26035122.96
816,монтаж кабеля ЭОМ на потолке,33880,74536.0,108416.0,45705475.2
817,монтаж кабеля ЭОМ на потолке,12792,28142.4,40934.4,17256919.68
818,монтаж кабеля ЭОМ на потолке,11807,25975.4,37782.4,15928115.28
819,монтаж кабеля ЭОМ на потолке,23849,52467.8,76316.8,32173254.96
820,монтаж кабеля ЭОМ на потолке,25989,57175.8,83164.8,35060200.56
821,монтаж кабеля ЭОМ на потолке,31102,68424.4,99526.4,41957842.08
822,монтаж кабеля ЭОМ на потолке,18100,39820.0,57920.0,24417624.0
823,монтаж кабеля ЭОМ на потолке,21431,47148.2,68579.2,28911276.24
824,монтаж кабеля ЭОМ на потолке,22551,49612.2,72163.2,30422201.04
825,монтаж кабеля ЭОМ на потолке,16747,36843.4,53590.4,22592372.88
826,монтаж кабеля ЭОМ на потолке,25824,56812.8,82636.8,34837608.96
827,монтаж кабеля ЭОМ на потолке,24586,54089.2,78675.2,33167497.44
828,монтаж кабеля ЭОМ на потолке,10449,22987.8,33436.8,14096118.96
829,монтаж кабеля ЭОМ на потолке,30979,68153.8,99132.8,41791910.16
830,монтаж кабеля ЭОМ на потолке,33358,73387.6,106745.6,45001276.32
831,монтаж кабеля ЭОМ на потолке,19131,42088.2,61219.2,25808484.24
832,монтаж кабеля ЭОМ на потолке,17421,38326.2,55747.2,23501625.84
833,монтаж кабеля ЭОМ на потолке,28422,62528.4,90950.4,38342414.88
834,монтаж кабеля ЭОМ на потолке,11341,24950.2,36291.2,15299462.64
835,монтаж кабеля ЭОМ на потолке,25225,55495.0,80720.0,34029534.0
836,монтаж кабеля ЭОМ на потолке,21186,46609.2,67795.2,28580761.44
837,монтаж кабеля ЭОМ на потолке,16512,36326.4,52838.4,22275348.48
838,монтаж кабеля ЭОМ на потолке,30698,67535.6,98233.6,41412829.92
839,монтаж кабеля ЭОМ на потолке,14307,31475.4,45782.4,19300715.28
840,монтаж кабеля ЭОМ на потолке,32998,72595.6,105593.6,44515621.92
841,ОВ2 (воздуховоды),250,610.0,130.0,395426.4
842,ОВ2 (воздуховоды),1000,2440.0,520.0,1581705.6
843,ОВ2 (воздуховоды),1500,3660.0,780.0,2372558.4
844,ОВ2 (воздуховоды),1700,4148.0,884.0,2688899.52
845,ОВ2 (воздуховоды),1674,4084.56,870.48,2647775.17
846,ОВ2 (воздуховоды),1420,3464.8,738.4,2246021.95
847,ОВ2 (воздуховоды),16000,39040.0,8320.0,25307289.6
848,ОВ2 (воздуховоды),23000,56120.0,11960.0,36379228.8
849,ОВ2 (воздуховоды),19000,46360.0,9880.0,30052406.4
850,ОВ2 (воздуховоды),5400,13176.0,2808.0,8541210.24
851,ОВ2 (воздуховоды),15623,38120.12,8123.96,24710986.59
852,ОВ2 (воздуховоды),19248,46965.12,10008.96,30444669.39
853,ОВ2 (воздуховоды),7543,18404.92,3922.36,11930805.34
854,ОВ2 (воздуховоды),23094,56349.36,12008.88,36527909.13
855,ОВ2 (воздуховоды),36432,88894.08,18944.64,57624698.42
856,ОВ2 (воздуховоды),9702,23672.88,5045.04,15345707.73
857,ОВ2 (воздуховоды),29301,71494.44,15236.52,46345555.79
858,ОВ2 (воздуховоды),31857,77731.08,16565.64,50388395.3
859,ОВ2 (воздуховоды),20141,49144.04,10473.32,31857132.49
860,ОВ2 (воздуховоды),27053,66009.32,14067.56,42789881.6
861,ОВ2 (воздуховоды),15984,39000.96,8311.68,25281982.31
862,ОВ2 (воздуховоды),33204,81017.76,17266.08,52518952.74
863,ОВ2 (воздуховоды),36898,90031.12,19186.96,58361773.23
864,ОВ2 (воздуховоды),15476,37761.44,8047.52,24478475.87
865,ОВ2 (воздуховоды),22139,54019.16,11512.28,35017380.28
866,ОВ2 (воздуховоды),33421,81547.24,17378.92,52862182.86
867,ОВ2 (воздуховоды),30683,74866.52,15955.16,48531472.92
868,ОВ2 (воздуховоды),18795,45859.8,9773.4,29728156.75
869,ОВ2 (воздуховоды),27158,66265.52,14122.16,42955960.68
870,ОВ2 (воздуховоды),21268,51893.92,11059.36,33639714.7
871,ОВ2 (воздуховоды),29517,72021.48,15348.84,46687204.2
872,ОВ2 (воздуховоды),11527,28125.88,5994.04,18232320.45
873,ОВ2 (воздуховоды),33968,82881.92,17663.36,53727375.82
874,ОВ2 (воздуховоды),34579,84372.76,17981.08,54693797.94
875,ОВ2 (воздуховоды),18154,44295.76,9440.08,28714283.46
876,ОВ2 (воздуховоды),24817,60553.48,12904.84,39253187.88
877,ОВ2 (воздуховоды),13047,31834.68,6784.44,20636512.96
878,ОВ2 (воздуховоды),20592,50244.48,10707.84,32570481.72
879,ОВ2 (воздуховоды),31675,77287.0,16471.0,50100524.88
880,ОВ2 (воздуховоды),21824,53250.56,11348.48,34519143.01
881,ОВ2 (воздуховоды),17495,42687.8,9097.4,27671939.47
882,ОВ2 (воздуховоды),28732,70106.08,14940.64,45445565.3
883,ОВ2 (воздуховоды),14701,35870.44,7644.52,23252654.03
884,ОВ2 (воздуховоды),26914,65670.16,13995.28,42570024.52
885,ОВ2 (воздуховоды),24975,60939.0,12987.0,39503097.36
886,ОВ2 (воздуховоды),28026,68383.44,14573.52,44328881.15
887,ОВ2 (воздуховоды),11938,29128.72,6207.76,18882401.45
888,ОВ2 (воздуховоды),14389,35109.16,7482.28,22759161.88
889,ОВ2 (воздуховоды),21965,53594.6,11421.8,34742163.5
890,ОВ2 (воздуховоды),10781,26305.64,5606.12,17052368.07
891,ОВ2 (воздуховоды),32062,78231.28,16672.24,50712644.95
892,ОВ2 (воздуховоды),35014,85434.16,18207.28,55381839.88
893,ОВ2 (воздуховоды),23158,56505.52,12042.16,36629138.28
894,ОВ2 (воздуховоды),19436,47423.84,10106.72,30742030.04
895,ОВ2 (воздуховоды),28604,69793.76,14874.08,45243106.98
896,ОВ2 (воздуховоды),26081,63637.64,13562.12,41252463.75
897,ОВ2 (воздуховоды),13906,33930.64,7231.12,21995198.07
898,ОВ2 (воздуховоды),32877,80219.88,17096.04,52001735.01
899,ОВ2 (воздуховоды),25659,62607.96,13342.68,40584983.99
900,ОВ2 (воздуховоды),30271,73861.24,15740.92,47879810.22
901,ОВ2 (воздуховоды),24236,59135.84,12602.72,38334216.92
902,ОВ2 (воздуховоды),21729,53018.76,11299.08,34368880.98
903,ОВ2 (воздуховоды),36198,88323.12,18822.96,57254579.31
904,ОВ2 (воздуховоды),16031,39115.64,8336.12,25356322.47
905,ОВ2 (воздуховоды),19697,48060.68,10242.44,31154855.2
906,ОВ2 (воздуховоды),32951,80400.44,17134.52,52118781.23
907,ОВ2 (воздуховоды),16384,39976.96,8519.68,25914664.55
908,ОВ2 (воздуховоды),31241,76228.04,16245.32,49414064.65
909,ОВ2 (воздуховоды),22091,53902.04,11487.32,34941458.41
910,ОВ2 (воздуховоды),29287,71460.28,15229.24,46323411.91
911,ОВ2 (воздуховоды),18362,44803.28,9548.24,29043278.23
912,ОВ2 (воздуховоды),32540,79397.6,16920.8,51468700.22
913,ОВ2 (воздуховоды),22617,55185.48,11760.84,35773435.56
914,ОВ2 (воздуховоды),17772,43363.68,9241.44,28110071.92
915,ОВ2 (воздуховоды),13450,32818.0,6994.0,21273940.32
916,ОВ2 (воздуховоды),30451,74300.44,15834.52,48164517.23
917,ОВ2 (воздуховоды),19952,48682.88,10375.04,31558190.13
918,ОВ2 (воздуховоды),15876,38737.44,8255.52,25111158.11
919,ОВ2 (воздуховоды),35792,87332.48,18611.84,56612406.84
920,ОВ2 (воздуховоды),27664,67500.16,14385.28,43756303.72
921,ОВ2 (воздуховоды),25901,63198.44,13468.52,40967756.75
922,ОВ2 (воздуховоды),36500,89060.0,18980.0,57732254.4
923,ОВ2 (воздуховоды),20247,49402.68,10528.44,32024793.28
924,ОВ2 (воздуховоды),32279,78760.76,16785.08,51055875.06
925,ОВ2 (воздуховоды),31413,76647.72,16334.76,49686118.01
926,ОВ2 (воздуховоды),34135,83289.4,17750.2,53991520.66
927,ОВ2 (воздуховоды),29741,72568.04,15465.32,47041506.25
928,ОВ2 (воздуховоды),16628,40572.32,8646.56,26300600.72
929,ОВ2 (воздуховоды),36561,89208.84,19011.72,57828738.44
930,ОВ2 (воздуховоды),20837,50842.28,10835.24,32957999.59
931,ОВ2 (воздуховоды),11478,28006.32,5968.56,18154816.88
932,ОВ2 (воздуховоды),25412,62005.28,13214.24,40194302.71
933,ОВ2 (воздуховоды),17846,43544.24,9279.92,28227118.14
934,ОВ2 (воздуховоды),11263,27481.72,5856.76,17814750.17
935,ОВ2 (воздуховоды),11154,27215.76,5800.08,17642344.26
936,ОВ2 (воздуховоды),36949,90155.56,19213.48,58442440.21
937,ОВ2 (воздуховоды),14639,35719.16,7612.28,23154588.28
938,ОВ2 (воздуховоды),16259,39671.96,8454.68,25716951.35
939,ОВ2 (воздуховоды),35208,85907.52,18308.16,55688690.76
940,ОВ2 (воздуховоды),18903,46123.32,9829.56,29898980.96
941,ОВ2 (воздуховоды),13783,33630.52,7167.16,21800648.28
942,ОВ2 (воздуховоды),24107,58821.08,12535.64,38130176.9
943,ОВ2 (воздуховоды),30612,74693.28,15918.24,48419171.83
944,ОВ2 (воздуховоды),22375,54595.0,11635.0,35390662.8
945,ОВ2 (воздуховоды),16873,41170.12,8773.96,26688118.59
946,ОВ2 (воздуховоды),23342,56954.48,12137.84,36920172.12
947,ОВ2 (воздуховоды),27521,67151.24,14310.92,43530119.82
948,ОВ2 (воздуховоды),19818,48355.92,10305.36,31346241.58
949,ОВ2 (воздуховоды),10234,24970.96,5321.68,16187175.11
950,ОВ2 (воздуховоды),26703,65155.32,13885.56,42236284.64
951,ОВ2 (воздуховоды),35879,87544.76,18657.08,56750015.22
952,ОВ2 (воздуховоды),13567,33103.48,7054.84,21458999.88
953,ОВ2 (воздуховоды),28859,70415.96,15006.68,45646441.91
954,ОВ2 (воздуховоды),26597,64896.68,13830.44,42068623.84
955,ОВ2 (воздуховоды),30922,75449.68,16079.44,48909500.56
956,ОВ2 (воздуховоды),12425,30317.0,6461.0,19652692.08
957,ОВ2 (воздуховоды),17010,41504.4,8845.2,26904812.26
958,ОВ2 (воздуховоды),24649,60143.56,12817.48,38987461.33
959,ОВ2 (воздуховоды),20381,49729.64,10598.12,32236741.83
960,ОВ2 (воздуховоды),22461,54804.84,11679.72,35526689.48
961,ОВ2 (воздуховоды),17659,43087.96,9182.68,27931339.19
962,ОВ2 (воздуховоды),23487,57308.28,12213.24,37149519.43
963,ОВ2 (воздуховоды),28509,69561.96,14824.68,45092844.95
964,ОВ2 (воздуховоды),20924,51054.56,10880.48,33095607.97
965,ОВ2 (воздуховоды),15020,36648.8,7810.4,23757218.11
966,ОВ2 (воздуховоды),24498,59775.12,12738.96,38748623.79
967,ОВ2 (воздуховоды),22795,55619.8,11853.4,36054979.15
968,ОВ2 (воздуховоды),15265,37246.6,7937.8,24144735.98
969,ОВ2 (воздуховоды),13186,32173.84,6856.72,20856370.04
970,ОВ2 (воздуховоды),26296,64162.24,13673.92,41592530.46
971,ОВ2 (воздуховоды),32702,79792.88,17005.04,51724936.53
972,ОВ2 (воздуховоды),31550,76982.0,16406.0,49902811.68
973,ОВ2 (воздуховоды),17246,42080.24,8967.92,27278094.78
974,ОВ2 (воздуховоды),12169,29692.36,6327.88,19247775.45
975,ОВ2 (воздуховоды),25735,62793.4,13382.2,40705193.62
976,ОВ2 (воздуховоды),28292,69032.48,14711.84,44749614.84
977,ОВ2 (воздуховоды),20076,48985.44,10439.52,31754321.63
978,ОВ2 (воздуховоды),12657,30883.08,6581.64,20019647.78
979,ОВ2 (воздуховоды),36645,89413.8,19055.4,57961601.71
980,ОВ2 (воздуховоды),10597,25856.68,5510.44,16761334.24
981,ОВ2 (воздуховоды),23761,57976.84,12355.72,37582906.76
982,ОВ2 (воздуховоды),21314,52006.16,11083.28,33712473.16
983,ОВ2 (воздуховоды),26459,64559.96,13758.68,41850348.47
984,ОВ2 (воздуховоды),32396,79046.24,16845.92,51240934.62
985,ОВ2 (воздуховоды),27883,68034.52,14499.16,44102697.24
986,ОВ2 (воздуховоды),36386,88781.84,18920.72,57551939.96
987,ОВ2 (воздуховоды),35453,86505.32,18435.56,56076208.64
988,ОВ2 (воздуховоды),30016,73239.04,15608.32,47476475.29
989,ОВ2 (воздуховоды),15540,37917.6,8080.8,24579705.02
990,ОВ2 (воздуховоды),31098,75879.12,16170.96,49187880.75
991,ОВ2 (воздуховоды),33645,82093.8,17495.4,53216484.91
992,ОВ2 (воздуховоды),31769,77516.36,16519.88,50249205.21
993,ОВ2 (воздуховоды),29861,72860.84,15527.72,47231310.92
994,ОВ2 (воздуховоды),34724,84726.56,18056.48,54923145.25
995,ОВ2 (воздуховоды),23308,56871.52,12120.16,36866394.12
996,ОВ2 (воздуховоды),36473,88994.12,18965.96,57689548.35
997,ОВ2 (воздуховоды),34971,85329.24,18184.92,55313826.54
998,ОВ2 (воздуховоды),29374,71672.56,15274.48,46461020.29
999,ОВ2 (воздуховоды),28994,70745.36,15076.88,45859972.17
1000,ОВ2 (воздуховоды),14453,35265.32,7515.56,22860391.04
1001,ОВ2 (воздуховоды),11694,28533.36,6080.88,18496465.29
1002,ОВ2 (воздуховоды),27343,66716.92,14218.36,43248576.22
1003,ОВ2 (воздуховоды),10895,26583.8,5665.4,17232682.51
1004,ОВ2 (воздуховоды),11028,26908.32,5734.56,17443049.36
1005,ОВ2 (воздуховоды),12302,30016.88,6397.04,19458142.29
1006,ОВ2 (воздуховоды),21548,52577.12,11204.96,34082592.27
1007,ОВ2 (воздуховоды),25318,61775.92,13165.36,40045622.38
1008,ОВ2 (воздуховоды),26178,63874.32,13612.56,41405889.2
